Protein_ID,Localizations,Signals,Membrane types,Cytoplasm,Nucleus,Extracellular,Cell membrane,Mitochondrion,Plastid,Endoplasmic reticulum,Lysosome/Vacuole,Golgi apparatus,Peroxisome,Peripheral,Transmembrane,Lipid anchor,Soluble
sp|P07221|CASQ1_RABIT,Extracellular|Endoplasmic reticulum,Signal peptide,Soluble,0.26899999380111694,0.1404999941587448,0.707099974155426,0.2443999946117401,0.12189999967813492,0.010200000368058681,0.6635000109672546,0.4058000147342682,0.23389999568462372,0.004399999976158142,0.39430001378059387,0.06459999829530716,0.10559999942779541,0.8167999982833862
sp|P82413|RK19_SPIOL,Plastid,Chloroplast transit peptide,Peripheral|Soluble,0.08579999953508377,0.133200004696846,0.012900000438094139,0.031099999323487282,0.18850000202655792,0.9957000017166138,0.023800000548362732,0.02590000070631504,0.027899999171495438,0.0568000003695488,0.6678000092506409,0.07109999656677246,0.04520000144839287,0.6309000253677368
sp|P30952|MLS1_YEAST,Peroxisome,Peroxisomal targeting signal,Soluble,0.40220001339912415,0.3111000061035156,0.13449999690055847,0.10530000180006027,0.3305000066757202,0.042399998754262924,0.13379999995231628,0.06419999897480011,0.01759999990463257,0.7369999885559082,0.5723000168800354,0.028999999165534973,0.0333000011742115,0.7875999808311462
